SampledValues1,SampledValues2,SampledValues3,SampledValues4,SampledValues5,SampledValues6
17.17478694057562,25.612395755015314,6.651208856797794,20.538607542052404,23.870667861303723,19.43832487391771
18.737199395269126,16.508925179950893,26.527340822825366,22.249395649740073,17.27981386052936,18.03787288285638
23.443000345514342,11.010614447295666,3.8252506819076677,16.389458725626803,25.61197508096847,21.322095888587164
15.64819036549861,27.045788946561515,2.87465969672154,16.73628293390005,8.401964326073601,29.940450975531206
28.114595466376393,11.639413740485907,6.213599233528977,18.093980754163223,12.41372517875161,24.511156242747766
22.696452215856326,28.898538378998637,8.588188545373303,17.488221081611837,12.50143066527333,21.610296336365273
21.163926312818358,22.230653073638678,15.540418958026041,18.26851718233985,21.93823784911625,15.75702835403155
24.865990055379605,16.244800030253828,7.9977638624704745,19.7349368035402,14.030412904226546,23.172369009978237
12.16757555468687,25.307685267180204,8.865633552147656,20.312147677767733,11.099538084425278,15.922569106083126
14.395655264652714,24.124396801926196,3.936072078785353,18.677511354879726,21.51933377030354,21.2697509176292
14.482579000171535,17.86225824151188,10.349416657994244,24.0504040513366,8.321272005202763,18.58514462736962
23.33411628706284,19.480602811090648,11.058626559153947,19.67496156762967,28.936456432929546,23.77606403786772
14.237170458559422,16.67247150093317,6.9903695742937435,21.29030389750743,7.857225956968405,23.915702954720715
18.830847360747196,11.385412402451038,2.969681605565888,19.11319383815208,18.516445691964456,23.816874646269998
16.3636777108846,14.671585583128035,30.07048890751296,23.819416899652786,25.76185512548549,25.183417230156742
8.967398213386002,24.87019170075655,7.452103253044378,19.960411217043877,26.08070558025554,25.130805876732957
23.966926308712907,28.89398698695004,38.95229773460598,20.396549502221653,18.943119644766092,22.6672599422443
18.81519933989083,13.887592982500792,6.456629192376363,22.873881392302557,31.460214612839515,24.413195384073248
14.583765845278396,29.743722416460514,7.72347364738715,19.770623727178915,13.673820688817528,12.255780048394877
11.771244803406882,21.23245593626052,8.57157730779799,19.520326859117276,17.38703664613927,25.19558732434714
21.157678353461773,21.29698382690549,9.638284213202692,18.74674112959555,19.90460036208729,17.976772447290195
15.734680209974309,28.081202530302107,7.649550355274238,16.613392486472396,48.42996507393113,21.605617427683363
21.558983318410796,18.113496475853026,2.1147717385282743,18.47130189421438,9.909493611204468,21.887303731151313
17.76785450806299,21.718962974846363,0.35986044337949824,20.594037430686804,9.60376852619294,23.17623608335544
26.244302851591268,11.141550708562136,5.252529268395259,18.69431875896972,16.65828624143312,18.205065363114205
20.330242804561326,20.835826955735683,3.1671593660172537,18.18423057839089,14.586211478301829,14.660231612138947
16.590668289438923,29.798078355379403,6.39645186375191,21.244400756861054,9.142042371373105,19.991061527804874
13.92800477855429,10.313669857569039,4.237163883890015,19.58694540111166,12.062134943289477,22.450555994322407
16.329356574248298,17.735465094447136,2.53409773028688,18.13799156405984,22.82732740705747,22.99619402630132
31.689983660763836,26.14916464779526,7.3110246778493995,20.730147569500616,13.013078741993514,22.514167031670027
21.32328538846524,28.665002291090786,13.451918483757101,23.831149019416095,19.787682908582237,20.66657154684444
17.40078351796695,10.679875132627785,5.6193139013170885,20.75544871217252,16.60790177630536,16.441871125753146
13.880876607054287,17.931900075636804,8.60444313815651,19.933174423555954,13.328598602645325,25.457543974348376
12.32322086152459,24.752882784232497,5.24492544365105,21.811979408211712,4.786487413155885,24.426565720670325
15.548246096416204,16.497038388624787,0.7086137388727731,19.989846962430818,16.65459751888361,25.2007414791574
20.708616690334303,29.121417561545968,1.5414411452912526,19.087338498167963,11.748339366947013,16.080954716966595
17.188177319471357,14.189747557975352,12.022705148768564,17.916908790729515,31.64660441339875,16.438408937128873
30.265809447930764,18.309556301683187,0.49540491317271185,19.205354557550077,16.153932720395655,17.80593598719696
24.25627556861803,15.417936854064465,1.587154133423606,18.368226329820178,10.80927286538352,23.130241039816134
12.905439843727926,21.638699737377465,2.3861146654142233,22.626957292423064,16.713419338856365,18.967042901094086
17.094086974825906,18.7237036973238,2.1039508582834294,22.209392218777065,8.034528386718064,27.85273334028168
14.41783602420093,18.707691123709083,5.021523085629644,20.8602013616888,13.642611372587048,23.195180773911943
19.77498612483811,19.56288442481309,5.729537917001658,18.210643015476894,23.48853335305195,21.061659382306832
24.472107694748473,13.120308434590697,21.645618634576365,20.24625872730372,8.942248824387164,22.927994958993004
21.49486261864657,12.879171553067863,3.8424203243593587,18.794091073357404,14.521262853502364,12.708177809456902
19.35114655268599,10.455980063416064,1.8798852973508193,16.765306103231016,38.25934367245338,26.331543788115514
14.395750248061372,13.992045712657273,50.56779993045487,21.446679130413337,23.777437917732318,16.942884933949568
17.230224122909295,25.82696279976517,8.104149032370536,20.003325333657628,15.511911809750508,14.181184332723724
21.003627500965678,22.90251512080431,33.13952091019464,21.784701602781503,18.934444485308028,19.218686491363417
24.22264139424614,19.707954302430153,5.190893610734798,21.20810729949861,21.133201994981984,22.845138294951887
23.654192114554768,21.20812487322837,13.852237393218633,17.639785155768354,13.260179639325287,15.971996136423588
10.939833603272971,10.019352487288415,8.840135960923584,20.435026338219746,25.412724271378654,21.687018798876615
22.199992225592506,28.701044712215662,9.767718619256435,19.864543084194466,14.272049772812327,14.766813954111056
20.469078420323754,26.348202475346625,1.4879082424386763,21.68318887509667,27.767691916879695,21.432851077500853
21.315794919057456,25.893700988963246,60.745588823561725,21.17303315659428,32.96244124695784,24.226185690885995
22.683162622732713,21.588074904866517,4.828781609925576,20.01990418100669,19.423955052804853,16.060307437443875
16.750209769331178,20.326515766792,17.260797295994056,17.574375937030283,22.437201684251175,20.439273597586332
13.012646932670096,24.811266171745956,1.036798968411574,21.175423312426716,10.05998741126038,15.890866651372454
21.560427126129824,10.401788521558046,6.888331936347427,21.32958560271189,13.484843551187632,20.85124996040645
20.187319257738185,12.959459498524666,7.733917683929807,18.25116584386659,14.05957607935191,18.30658420451907
19.6372773925306,29.280157568864524,1.4073272131752304,19.904723037670045,11.596062722673233,26.004473360627582
27.256794255325758,26.93861353211105,0.32676391217822337,20.581350204696477,16.405787377026822,6.181935657378129
22.544677598708045,29.152193991467357,20.20701977850272,16.81976827582044,14.41119139887335,17.7930383401543
12.159108356640585,25.886153588071465,2.390741074224657,19.95406535935479,8.44376086976565,15.769184448936223
16.881430137463617,11.225093766115606,12.394819580266617,17.54809900566677,14.984799835544916,21.112991308471223
22.581599366626612,14.427799093537033,33.83309756650123,22.3815946112161,24.934695389733132,22.02458886272795
30.996144807998647,26.223353748209774,9.509762576492411,19.434789576934506,11.511847521418082,18.752593086673997
17.295078845442685,12.116878642700613,31.975394194287382,17.576228520299864,13.028109834585857,19.830559495042408
24.520518868119602,13.97474232595414,3.9289875112985966,18.043327830500875,28.51697352745733,19.648779787330348
16.800425963631206,14.253607648424804,31.20009661063387,19.555645703210256,23.663246064328213,21.602266315572923
17.932674909413173,25.509075094014406,8.128256839326353,20.9533288434109,21.978227522426195,24.270158459141342
24.21314699603677,26.737403539009392,14.198453475513787,19.568241125805045,34.64554524530469,23.503741508206
29.036291145486622,28.155354522168636,11.265378494918943,18.635543093761857,13.378746966648517,28.077276343492702
9.881833581202859,28.829473634250462,7.423296664802802,21.62540938787403,14.26173706103708,18.13340084879489
19.816015135042033,13.696084516122937,13.113409732851775,24.096920496587614,19.622143291678256,22.770516175562765
17.0252005708826,16.200937619432807,3.8332476864480065,17.73914366032068,29.411758766842148,18.904714378415722
17.34327554706628,25.68090927787125,4.022063100844938,16.749347753477632,21.996076905445687,24.943228625389597
13.966846476166776,24.843993429094553,2.122676083589126,20.20217558963383,13.871698853437435,14.126468593321441
24.014545314220385,12.838051370345056,1.8858588806274021,19.925411869191663,30.139446362292446,17.477590346463515
24.112093818160027,23.393647759221494,9.49028079752788,19.25714465823716,21.107493751531404,23.465670636888376
16.49746578560388,13.240213487297297,42.607970389048944,16.835311379601215,16.784075548938436,25.696767149486984
13.87983252750683,23.39161382522434,3.432443804809803,19.96914334523698,9.89805814476411,20.699832931638618
20.901309727047792,15.474142855964601,37.66193948058088,19.69476964004341,21.748230917107346,29.005311965583363
22.850416046726863,15.822809068486094,4.767041398358122,20.468159984544343,36.31460133402374,22.872945912012195
23.481903635185407,13.357673455029726,14.344673775128708,24.187909613524425,21.239503357164413,23.497303509807576
27.998287411363645,11.880861944518983,1.5868531283761234,23.821594849202004,26.544577105329704,22.825089310139433
22.832484812660883,12.464122073724866,18.57196440642784,19.388484908037903,16.116018364490248,24.04611718421109
18.321110091880122,12.634219727478921,5.425716133575669,20.197365302113433,13.965229581667105,21.837757263471712
14.311223520205427,28.938424070365727,7.368356076704188,17.829797472178097,10.262943267137743,13.692145087370863
20.43507119971283,23.18277903366834,8.655375775816326,19.658868618927052,7.009966994249288,14.93141445629748
19.74605900460038,13.85933430865407,8.934033045622119,21.40698356185198,21.274795532916855,11.919041155552266
21.69567080245394,13.51190177258104,15.650172675353103,19.63521899031658,19.97714404076159,23.02614268552146
21.974431933410933,29.99715954530984,1.217123019618994,20.39635064369274,19.2577353039276,19.785479198923877
16.13777926829828,16.488473117351532,3.5475034252384936,23.229302131803486,20.40234130891708,23.75024177721865
32.58019539166526,13.253589035011828,8.715790492712653,21.008992985714343,15.96273881902685,17.479658384411756
28.84016899249441,29.621681752614677,8.79331057688375,19.72730786750714,54.80709435820109,21.699138523384228
20.087962299090517,29.355682572349906,1.3600530996163271,18.69677510524103,16.25269706345347,13.455277652167968
16.43830511572112,19.72213771659881,17.08658192413469,23.188167117115675,44.64220949868328,14.161349482172628
21.162912838548277,24.85640900209546,3.6362421698398584,21.058477413847157,16.238845297822472,15.098514679881458
12.214271396810759,26.55969729181379,13.686615344312735,20.40187424544771,13.847229341943931,16.506730888547494
29.3962553135924,20.907090795226395,4.168273079445653,20.135937151750348,24.72865916589543,17.69952633847248
18.992780150480556,29.031106582842767,35.30854998627137,19.29764829526358,18.754793080467564,16.530261348423053
27.493835021589707,10.701374784111977,1.1872910382953576,19.083527621271017,10.96806283319638,17.727947645088925
19.164647502522598,11.796872518025339,8.037511779919269,16.195273688565123,13.86958546146387,22.115287028588465
25.974237186550404,28.963381159119308,13.574627102589918,18.232852427758388,24.207249113354976,17.996956049903154
23.490094036576636,21.647966881282628,13.654659011302552,16.911117257725955,36.79577997323005,20.236665218055247
12.406557611334527,29.886691141873598,6.448667945787255,21.866995249110555,15.791015314589254,26.843917048503993
11.5025412973668,13.43058974482119,2.1371399508837574,18.169415336953584,12.131905253961072,22.444398677551472
13.484282292895902,19.8895062552765,12.934129276492325,21.897563934384802,16.918626667504984,17.30384201931488
24.342054961826452,18.42113681603223,6.224503750417499,18.77352487082109,14.723508311410118,22.487937607912787
27.36581174267589,10.818085335195065,6.535951912581416,20.959412209308923,19.81720254748091,21.687809313804713
21.95354330546845,26.84224900789559,13.325966767257887,18.83903089114588,5.272106512457461,21.23700057651176
22.5260860592604,11.877620690502226,1.944984323766215,19.87641060170565,13.863305520861733,19.385857297958243
22.418720201663334,16.193966595456004,26.168710714845655,24.24050371070207,6.508850246900461,19.485613372643243
17.87933522307152,15.454624653793871,45.197737499792474,19.555648631706557,21.690685169622512,22.16697705661231
28.731101804930198,10.206508352421224,5.0383231021848225,21.816171162236934,26.171363582054987,14.785446902503134
14.657817174230651,18.39831795077771,27.177423507248207,16.979917782192164,17.121071158395146,16.75675846020361
16.60763860845097,26.15851243492216,26.211806439794266,20.40872855907901,26.9372518383977,22.786556298815505
12.357276927008161,20.81800748128444,2.5894275568856666,22.860085146922543,16.573395729014113,18.23999588330584
21.12120872215972,27.176066525280476,8.245111964285272,19.217375014115103,13.70814439884564,5.352184031147028
20.919228431533654,25.086329020559788,1.8488586705731977,18.705299329363093,30.471362391081257,21.236910843964814
20.582634535063733,21.725046052597463,1.3705779138729044,22.78864442589742,54.62753571748519,30.64326270187864
33.29564814339818,28.247795240022242,1.7090965479515363,20.788608363193216,12.96181829452801,21.0238931831883
11.943919195709826,24.180365689098835,5.4992345148922155,16.347722223816227,9.889556632837644,18.229397547491367
20.42391171014021,24.73372219596058,6.38654397008234,22.60644439549816,49.36078886494677,20.06353397979933
26.18412776277252,24.00510767940432,9.157215114612256,18.39281256712009,13.457201766648412,11.366115163350251
14.07767825355979,26.55368458479643,1.8869868099814293,21.968611008995445,17.448261899368084,16.10267188802295
28.045984498048252,19.241475644521415,4.817322795222929,15.758373506022265,9.762431154671317,11.078989463940363
10.488412830521364,19.5466996030882,10.507075186594776,22.849090854584553,15.69580554923941,19.924639736048324
18.273487327116417,14.5212775003165,4.541957549285297,17.10396091720917,11.780342971625549,17.6867705545674
19.25946238522882,14.13147698622197,7.022931369143133,23.788459114844223,30.49101877099552,26.14397299190098
16.209822949048373,18.775151749141514,39.73474464447021,21.184455311106216,12.658023539560185,19.010379603432455
13.322095377975561,11.050615753047168,1.6823916167845718,21.361950758735976,31.371936050943415,18.1147076257695
20.334352968780088,28.304860242642462,2.5325762134191763,20.36023672545491,16.55343461979079,15.213810347131599
19.510426745916067,19.91165213752538,11.635323470929318,22.766371762789447,15.63727876725702,14.268492176869731
12.26977877215647,29.281065645627677,15.214726933968947,21.097138502138428,9.689879709410919,22.540968897001296
9.435127225853066,24.583728555589914,19.224320744703927,23.09055754879521,20.552392132304394,23.702911219520757
22.354276596708054,14.620867636986077,0.42003068415821304,22.08350152816589,15.136516700437815,25.343156221187893
24.87068317384455,20.660409023985267,16.73844862490657,22.12281822909553,55.28579343588681,25.386782946841205
17.305435051392077,16.670556142926216,25.437505105364245,19.509083335009535,22.582400406751336,15.356845711173698
15.8629694076233,12.674021390266716,1.5739475335954,22.487514891690083,24.280194846498595,22.937091284734265
19.852764952257598,15.715596182271838,40.09739095645719,20.312822153065177,28.50443491587887,18.308736740955066
17.619297474701508,13.230590596795082,0.0711192647144262,17.684155264006844,24.42048270804857,20.338980893449698
27.21898926084166,11.684144954197109,6.440662112506388,22.1073411894666,16.03686882772807,16.02439257958581
20.421706130867967,25.47804980073124,0.7085153452187045,17.125364436579986,46.67294457647136,13.342087629259117
22.287567612169397,25.83097814116627,21.023060715777277,17.482115373121676,24.582498183828495,20.11208733564251
18.99676359409581,19.09345092251897,13.703387383006426,23.134017122121605,14.540388886660994,13.903085369089112
18.275873297917585,13.033439116552472,5.524387669177634,21.64829547493588,28.91248311353712,22.431429588002107
22.435149481644142,25.02494909800589,11.441962212817032,19.19432719316337,11.487403226679957,27.016941679467877
22.624488075203686,19.07952506095171,0.35099803713621003,16.94188638735304,18.915677977036207,22.104424530222904
16.80093738147196,12.621620749123394,8.245518137771619,18.060105828720637,15.335418789927163,18.471847964811264
26.272096046707627,28.070843443274498,3.4438754548454114,17.938538027498,13.697050693958335,20.941335838132346
24.1755141302197,18.533957228064537,0.051858927148040614,21.909156305241854,19.684035497247145,21.880371803245836
19.0609875683245,11.802391894161701,5.455420057921803,20.908944736579134,12.53365929387342,16.42390948856783
17.21442639718099,17.774673677049577,22.836112391653568,19.8700945904148,19.278302776251234,24.01196069939147
27.07043322587397,17.75932597462088,8.316156937154414,21.0937020453774,17.713176536876663,17.97729399737011
20.42436408403486,23.960756757296622,20.459859885035925,22.317160505889944,12.731576560992373,28.456717389744274
14.420004772162056,11.232803543098271,36.2652668551314,24.118699176743455,22.718053511189925,24.829070007557114
13.259900215078877,20.103842979297042,8.835101337011102,20.222057272907385,22.94291107940777,22.132201199378436
23.605028870298376,14.878752892836928,16.99222183410282,23.9340648665611,27.84284907296489,16.824038388494277
15.718932158887348,21.998009588569403,17.05469520876998,19.279716478091597,16.67608534147181,18.858992115744265
18.531346114707514,13.92531611956656,7.112140410256522,24.40310332003117,48.09564661312658,18.692156717870535
20.0634123461754,28.75555904582143,7.172487662730932,20.821712661014327,32.304962840355785,22.01904339697686
23.78428041697044,19.250314342789352,4.168426099264629,17.586988492037538,9.826817459659507,14.07292581241671
26.32099991167039,22.584869228303432,10.923601612970486,23.652992456495646,19.949676043763603,17.59029436086328
12.603455993537693,11.231650966219604,23.03691756848792,20.19808773052954,9.405017415554036,20.83476622324942
23.850918714097848,22.618428226560354,9.506384537370158,19.013347351570594,10.857595827701214,23.088282485429772
26.64512930222356,20.915761035867035,12.540641370056438,19.543922597501243,14.921011346220412,14.229168934625836
34.07206167500571,21.14859429653734,5.403658227676763,21.036575264776832,16.231760465935714,22.781398756156914
21.983537767852006,11.04771048296243,19.717198150117795,23.128160645275234,13.16848373316105,17.55132504916039
21.22390720920073,27.734818370081484,9.632647516868056,22.2112382694842,21.333296344782987,18.266160521768516
19.43840624811211,10.193664743565023,21.57218471984907,21.523594941867316,28.526801091592798,24.937915548023785
25.02396176535368,14.325957177206874,39.416148814603076,21.973673324157552,19.9986189942379,24.69902640148364
17.71453355493156,12.438487256877124,7.8934518827201074,17.369488154243292,21.644526096917463,25.484607997446204
25.183708909332886,16.70725275296718,2.7998002691792694,20.807977013509365,22.366574279724773,22.371164740165455
19.153857829247762,25.561545081436634,1.5265822377684815,21.9435579696552,20.77949257488134,22.09362484826113
21.271891274692766,18.22112071327865,1.4303590262033357,19.963604043103594,9.297863315504458,6.69824556928282
23.298464113289633,23.437634287402034,10.798478082072522,20.579885873148342,22.214414785227444,26.002847173707444
16.421825844370353,10.787296737544239,21.393079347713645,21.576891490755365,26.005000280838004,26.01432570759046
14.70812145333285,10.24941723793745,33.40753247163681,20.653115521496325,12.174381093252926,16.154274384090215
20.916505493749767,11.70875049661845,0.8587288801296287,21.59620097358274,14.921937067302625,19.920773836354165
24.873447225541252,28.270590933971107,6.920116403940937,21.038070205666116,11.874079380935884,22.762345269668078
25.173509602538264,19.891125760041177,3.9074006917909125,22.890767973208586,22.89915669779246,24.00071391959531
21.488148861346012,25.436969213187695,5.306274545255726,20.121976212052648,10.55760716033075,15.482600024503311
23.21230368737878,29.658220624551177,6.345008838354356,20.440477522259215,26.648188653383862,11.582830578252917
28.394418340105695,14.568084827624261,4.337494659315796,16.40369309903927,19.8851129854144,26.650188814642437
9.284910930787419,14.17217645328492,0.9563186441905913,21.924881504290816,14.445750425781082,17.672306598373282
24.396769468089992,26.896845176815987,6.378193100677714,23.05832247031755,8.155646228949738,23.623948201133267
27.994484199449516,24.808760061860085,6.737187332376697,19.850273891831353,17.546308659765415,22.37618180326923
23.72944408127345,16.380093093030155,0.8621020663055763,23.564604577443816,11.980892776891334,22.307266172233906
8.846506595313805,14.429054800421,1.0484666200191326,23.937410999310913,17.63909334356173,26.232801428163118
19.167627323816642,21.511561176739633,5.620016117703642,22.11382010958708,11.690689593885072,16.950949769224668
23.358260625296804,11.406712494790554,0.0019062543996327024,19.49771172146137,16.745425966791924,21.107716256495824
20.66470297180437,19.165391912683845,24.870503050381892,18.17011832420602,40.71544026270487,15.588480765255758
23.59296797710908,23.35873677395284,3.6858689028874836,22.70295460262193,22.49704435460828,28.152956065822515
21.433574972879562,12.170049166306853,10.122165913633394,20.41006284159483,15.92657328715131,24.647773096970194
16.457025832732253,15.314971953630447,7.636420902551726,19.928948921302933,26.443452810430998,19.62006149043208
16.581004481144856,19.978254167363048,13.870406251626239,23.107255239928314,26.608490889064495,13.074095426696948
23.176929041768528,19.317774209193885,0.9779778909432777,16.598121472590666,14.09815992287004,18.77924963481211
19.23575192542799,18.583771772682667,8.338806311473588,17.27126098005392,4.120344592797651,18.214917355643944
19.585658387029593,29.924252978526056,16.797995615350278,22.353562198411765,12.829250157198175,14.24194522679136
22.980331795336518,26.014713207259774,0.28783021025517247,18.398706578627063,25.01595024817817,22.00733247000955
21.726519843353945,20.473686568439007,1.6131141587560691,19.994347099053634,20.393325738401725,15.87185185847681
16.401003141156092,24.86331393942237,24.160338672639785,23.105275941857684,22.477262648295277,10.127515594479888
16.789662369107745,10.583845237269998,6.3725782065936984,16.04080030180811,11.166445400755185,15.104668466454767
20.654254863453946,20.52787725813687,11.16253970378646,16.85520819980409,12.948151638896077,25.787679635311576
20.201987628204094,25.273629459552467,4.632449944498215,19.09800473240297,20.85175383091457,26.963763285246287
12.798577089011026,24.645396801643074,21.56212509971352,17.465766998224538,8.393496179658614,9.711417153746282
23.843814936219943,17.882897593080997,21.09159630872043,19.19917311893111,39.16192020448811,28.722864567825468
19.219523474489115,17.270973045378923,7.036892116823794,19.07995815029946,15.626658729209227,25.28743302724903
19.746506647110223,15.041727009229362,5.546555520352385,19.428144881949045,11.552780470119359,22.586389026896175
20.5525035361775,19.703765190206468,1.8891599111526758,20.24764087829171,28.7382183810495,12.620518804838687
20.72710178809893,16.91753768362105,19.166580778955343,16.733335822949023,24.246567655955566,11.861260265915025
22.342172259771573,13.476478573866189,2.6713468776136122,19.93625890252247,15.47658587415152,27.080407463884377
14.002485408224471,16.22124159242958,7.6914385612340554,20.227592350203686,15.744009536063341,19.468194627079903
19.71409163201023,21.92482533864677,9.432165900459212,15.870198198415498,41.00983562320311,14.300479239970592
22.920261054212812,16.300177313387394,10.21797401195096,20.306213721025127,21.08482397996004,25.7274183348455
15.634975865652706,29.64331755414605,1.0021050224873442,18.829470446375524,17.69006172508359,22.248004772505098
19.104451226038684,29.540912960655987,5.121051594039406,21.861995685152277,15.492154524660425,23.95776509548236
22.63354091689649,25.61503864824772,6.421767125373864,18.189578107030805,31.76099132529485,20.9289360458183
17.82292272323817,24.49730835389346,19.358539506318653,20.275149961027463,12.882651623254466,22.01061043037074
17.212478014123974,28.697897009551525,22.251722080479965,19.47997424127837,32.30806502920802,15.195387632408343
17.636845605758836,10.317636504769325,0.6416536560633062,19.433423016165886,57.967039277468814,11.067592672203324
26.806399835808598,26.622142740525305,8.327652524454995,18.949131828374075,15.485037093810954,24.158790008188905
19.146835116755916,13.564969417639077,3.6469434132966887,21.529485454393576,18.559329057869817,17.339993527730048
24.38997780772478,12.722973320633173,18.234464733509096,22.12969666165086,27.319905306776473,16.10458496573041
13.479988097439634,25.135177792981267,23.954186220690087,19.560697090270576,53.62895537987537,14.934294927636689
14.89189159118532,24.818329554982483,7.988420437210891,22.904077095702085,16.808428795853704,24.551327357238524
19.88695130793513,22.22103870473802,2.291407718056671,20.41558782369772,10.029901955674449,23.21487394243174
16.623777748008667,23.15115406177938,11.894439516919723,16.213752374413463,16.401593422969004,22.94941030698003
20.515620836106844,20.441126469522715,17.942647491370543,19.874094509316627,17.28727220332593,7.653463792955733
20.441197189880754,17.853012294508517,17.753663129116692,18.255360412422785,19.78652421743295,17.73163210537554
15.61598838809951,27.998483162373304,21.53567701152744,18.379150168897954,18.683928896297715,11.879083971284409
19.468216568470194,27.841681260615587,0.5266029647720702,23.47077908482295,3.805017280281948,13.831836292933474
21.51875556539031,22.936099939979613,34.68880681011668,18.557447140726882,18.801096089831848,21.04277589704569
19.662206339593272,16.440450963564217,5.336615553451277,20.808569353939887,33.25142679950039,22.382849647570264
21.821833749639406,18.575270217843354,0.7295325249192322,20.029543615077955,17.615386552225118,11.490883693243262
16.77736278729094,11.983302314765751,12.184693382462694,20.511489228341652,15.8800120334896,22.803801910649025
22.70498095547474,21.937459940090775,11.757705872676354,15.634019853747366,7.760532084726736,17.890828376590683
15.698388553898141,16.61018771585077,2.291603657282725,24.227999900313996,40.08001491694799,23.536038014811957
19.735956854509297,17.7855737041682,17.66066729056717,20.680704291011605,16.101784827609666,25.837860557572295
20.81078857424408,15.467118225060403,13.883726001636848,18.73592507565912,23.49314411608428,10.981096871914177
16.144666741205818,25.168282752856612,19.914430085579742,20.004824562263238,20.39456562937845,22.608542960927064
15.321956271024225,22.027843929827213,2.531086089670034,17.018277139503727,33.290337896840136,17.416318591053525
19.04023106325652,14.181070639751852,30.31819263662546,20.529164771914754,10.972481504560722,22.95791817240215
20.430884127205722,15.802922933362424,8.721532784936922,18.384460495104364,31.502229379035494,21.60229888016111
20.652355045547836,21.368864020332694,13.785828671526888,22.579244951429853,17.55278883660479,20.132175516465537
15.145766411171502,11.929071987979114,3.7326407413992917,21.47447027272152,24.466839480612325,16.38485144070269
14.514793223321206,18.162836977280676,18.471578087566456,21.26357122289878,29.40180210287782,32.324327573745975
9.723549940877884,28.143393648788333,11.407865503071672,18.171406706203,21.63812372502583,19.13714618212367
17.882455310319084,24.439055719412863,39.66602087456134,15.522453138703225,27.92829811487529,21.561378098732337
16.343114572198992,12.605003956705332,9.494278167562731,19.998417823773046,11.53435757141783,21.45252494056832
16.986014393997102,27.96455454081297,15.797269262315183,21.65145420849182,19.130181399908057,19.73735199128042
17.573636157601943,25.00050451606512,21.71884423331333,19.975960363416796,15.964975761728734,23.133364483861715
23.53362627711391,13.900176300667226,5.227508719463697,19.81734270711885,17.032211171656765,22.008297560636002
19.869645588688574,21.036065323278308,4.948907397158892,21.082954570385056,13.989485842943376,16.407392380431034
28.34333759580307,19.14776855148375,25.88092364357188,18.39487792192534,16.89676242657008,16.16966602505556
17.86562074286305,19.886943926103413,17.166846249003257,20.324464632446652,13.920592809481901,15.609738225598178
21.095955463840294,29.318992006592453,2.814101511462069,19.797183443537655,26.535164760631073,18.255385037791537
22.76056597823096,26.13758644554764,5.08644526694183,21.717195453362926,16.993589681119854,25.680670741175717
18.173772987500737,27.669276664964855,25.39730531037444,19.76275381479006,19.868910482547992,14.885116094451735
17.694203390972593,23.281556302681565,13.368183766861607,18.61594570516403,28.62417622507412,21.45502435288324
20.717213770636867,10.042054429650307,2.0898650685868008,18.698810971520224,14.535767445303403,20.628852139073622
19.07182778011974,29.286062833853066,5.495211294909436,19.5354132664164,12.262322426291705,24.600661710375363
14.222345857485486,28.0723261134699,20.44619319347642,19.878863139378197,10.857560051276474,22.211685391202714
26.43904197479631,14.365830942988396,1.626835629700062,20.60566037516361,19.063917412521118,15.966681942639168
16.14215812593396,11.472202646546066,5.066216366467762,20.84103643921125,15.570145284202033,14.082536375475646
16.368572889857305,19.650940182618797,22.680871331335126,21.473902341633877,9.027402142150258,20.55545979121123
26.554918206263206,14.419272653758526,5.92581848643977,18.636503643663968,14.472836948644249,12.757784360527658
24.75822806486758,17.81580084003508,15.511692324753954,20.459943762471404,15.66325233171904,19.84087111526217
22.454787455670377,26.38262210879475,38.95201486678947,19.763549970724533,15.056693101439151,20.66743380644929
21.864544253647562,28.91838979907334,16.498039064176968,23.209342007765166,20.61312935135574,18.263908112543557
21.850970258433637,26.626098547130823,14.044117147031013,22.72621353820718,11.557499249885057,22.607439072154907
17.997189040273618,11.378651140257716,16.149092170088114,23.18380758944361,17.79104713095935,14.875425696257597
17.815450274582908,18.70400531217456,0.42064101746523475,19.957995584340217,17.559671858619335,20.013856966030033
22.70578538443607,20.19927657674998,8.442143818673705,20.65714860305866,18.612881402529595,16.082766164597203
10.375558930780748,14.702045689336956,5.14136783531423,19.70154397165068,19.834518259892025,21.487969354982607
26.24673476383359,22.28418607264757,3.4530712147062026,22.380208000965375,32.29024483451691,13.54540338143765
28.895049826488815,15.076208366081119,11.322518076021922,20.012340082961973,18.856956311523856,12.613412327655848
29.120366056598204,24.686041264794767,8.728062265921807,20.403028945409755,35.65938130128566,21.778491169908644
19.09311402962221,19.7842795914039,7.333585546451809,22.688423064689385,42.422016714862174,18.444055638614902
20.323861274922013,19.381173816509545,5.453458391006077,20.44106536845918,9.934069057351966,19.40620032767804
28.786872438745753,26.96321105118841,3.7614591716328336,20.84743059350718,10.222564494226644,16.38386678393443
20.673153240339072,12.648405316285789,15.323317280252562,15.527622372260828,25.950932977578095,20.024574011431486
20.257229644016267,18.753391774371266,3.658845804981733,19.2573161872165,21.823348054090385,19.627781026345705
12.553821870433268,20.315432050265372,5.874232699167416,18.76468647604896,40.87777511514021,16.839593476821165
22.870360074299473,19.929031911306083,25.74288116015797,18.64795599747759,10.66088764667518,21.93624704888718
15.679733931933743,11.146547752432525,18.38886142643965,22.829877657390465,16.478459246136755,25.02600060640814
17.294897968929824,22.58171840570867,1.6511005389402804,17.31719499203451,37.73506209723451,15.415120815741979
21.181104675219284,29.006198812276125,6.358667736722742,15.443414424217867,20.02741164449502,17.63092356785775
23.206084194730746,24.17751989327371,22.557473891607703,19.35477020372185,16.501122193322825,22.60949202014926
16.084238908510137,12.836186466738582,25.080983574436967,21.486194347886794,19.678363122568353,20.641914799796268
18.899411020985124,27.100164908915758,20.223461534593874,18.70439498694856,21.12155862616256,14.260463599585504
20.470188150621716,20.13933312613517,13.99857156951054,19.84609645346914,9.417296890778635,16.5308761281167
19.85466679426258,25.583473993465304,2.0552337576994044,16.75101953489375,21.65022816571675,24.322769516257356
17.95765497449169,19.23718648031354,7.057825583183397,19.08230462225507,12.922125905364888,21.114289713246528
26.701797505026523,21.250384557060897,0.3593165877909387,23.186409210352473,31.640811790816798,14.371606939168348
20.49702409215144,16.304093431681395,5.244375738190813,20.27931092603294,23.53730283383893,11.057143064640332
18.071695515602567,12.215513875707984,2.2144498111676056,17.700080610463807,28.28336141840643,21.406683244376122
15.797608114746112,15.426974450238049,11.916596920928269,16.99211509364977,22.31804412608021,14.055265101435165
18.210624238827577,29.131013439036906,14.577981937119318,21.84988015527673,39.87093826346811,23.051013730796214
13.258761525683076,20.12335879728198,3.0855095920719586,22.84823879310337,13.103187399835951,23.06799899465417
26.5954865858235,26.590695842169225,2.788741654921564,20.099229756437122,19.861348821254833,19.474793816842002
16.20295744318338,21.664445968344808,4.878860560914202,21.62322106170798,13.51905360087853,17.6561567037446
16.07135224218551,22.44492228142917,6.254334603905031,18.714115250393004,3.993319618810456,23.583022916668398
13.777675978416227,15.584591701626778,0.6743308333865938,15.443694875774714,14.087821197356355,20.8226426645363
24.60668862712124,25.882058339193463,1.6136383066116053,19.03723188199629,27.516778377099154,16.02593912437077
7.195084303816719,11.694037267006934,0.5418025767465777,24.449604384595187,28.541357133791905,23.123070648645044
16.00897135985099,28.99245780427009,1.3389472045813147,22.254610880190548,22.202204208303215,23.613252403189716
20.450315689118867,16.98253197595477,0.18824820919397703,18.3665779965398,35.047662946894214,11.204710103701645
14.560707422307864,23.83611062541604,28.087532119226278,19.229460192552516,25.316238465107023,23.802430522181442
23.188135154644904,27.651950484141707,5.265822722791825,20.127252594387386,13.205079430051683,11.754924130433968
13.15776466958187,17.305059116333723,7.65872256854891,18.266216999918687,14.586056665564353,22.379449280200962
25.23857338533159,25.070760427042842,2.2934261336789885,20.091434290212927,14.602724609417164,16.272827500285928
26.287626473654008,19.852311331778765,1.708103535553926,18.349001474103247,19.280858880648452,21.20387935678628
6.891214117365976,23.661400540731847,17.113188798496314,23.5160577182873,10.862336643073544,14.980916981739403
15.41236226547737,13.253409080207348,11.613157937404937,21.46767825901386,23.23908080653043,16.474779254380486
23.876793378353092,11.998487398959696,16.253854200711892,22.897373573467846,18.431119097320675,14.222328600110673
17.43611568875959,27.385310954414308,14.810911851252403,18.273025212109225,9.679226792928588,8.828822815111408
19.637082944424197,16.943383528850973,2.655689523078692,22.780683514112837,14.0073903638059,19.910226823322425
27.71629136471976,16.407810798846185,16.722209347419636,18.698640402084425,12.727475077841264,16.54189657622517
19.49505729656903,27.63875622767955,1.3295187241293416,17.248028279723904,26.311115604490364,17.986007006563113
8.299381980155422,12.266986556351185,13.68302528951695,23.596676557865592,13.863890824784452,17.048363298726738
17.13589540264052,10.92977651860565,27.52621107850731,19.65248023022328,18.414677298242513,17.074476960733016
20.808519723986542,18.79633360542357,19.783357222653144,19.227840825929665,6.708386546531992,12.383453577697363
23.046513582918482,26.271008527837694,9.371004370737383,20.8423459555322,28.00246922473111,18.540105632184268
24.009413156133725,18.24920125771314,6.777666703055506,21.99180817712379,18.474732322409267,13.80578095431904
21.35891573542581,15.325517002493143,23.0422722044518,22.76415787745065,8.819782944759742,28.28843840986638
18.088079061606283,12.357566710561514,1.3984301135409845,22.034083922182887,9.25758295446864,18.360135812089865
15.055081113645477,17.612088918685913,12.14966906117664,16.659335838287245,13.641860530363479,20.377307565821052
22.91681795330146,27.488363506272435,20.304913121139016,20.872020438759307,19.375849423513717,16.03028564834037
22.955200479983414,16.405448289588094,2.0879032832544073,21.03277565929369,24.538230454901466,18.87743031518371
27.703823605174343,10.1031697075814,1.481573668306463,19.13248832494652,12.877267049687921,12.037450926679382
11.233256975428418,26.759968264959753,9.118848094016597,22.133495211433257,18.880491835955507,18.228805717375764
15.908090800682931,29.031832981854677,1.27597063756598,22.407234098962647,62.36572157331406,26.64848430247014
23.73995204622387,18.575756908394396,9.852373437928012,22.49661814055528,21.60771795080955,23.261783291009518
17.88531375500998,16.393424151465297,7.780148136200613,21.817863019137217,13.06331835268949,31.123455429388812
26.712092877323066,27.846356336958706,16.957477923522756,20.29797316373717,17.919139968117182,17.074051321636848
17.198250189147572,28.522978560067713,16.204265120524106,19.792466719885063,40.70157115978637,18.49875681247769
24.786120171774016,13.439222918823361,8.261185942882747,23.447225630423564,27.854395028321292,22.498289551076894
18.411604191148545,13.625344554893672,12.682392821684017,18.54223550038897,33.180676402669796,20.11960737055449
17.952791131570148,13.282310948707163,27.497945863834545,21.57619599425917,21.382129059226095,22.058807109645468
17.973105215250687,23.38670511264354,3.9602373979017234,18.5944050358414,13.764312375404728,8.50932161383047
25.52209941051796,28.452159301377833,40.69192971644994,18.94987433176239,10.484769564070186,22.207016858942115
21.321697288432027,17.307893014512956,10.00367735080973,19.31901227110088,19.166988768518106,25.480639851846146
15.60689486052618,23.683527447283268,11.333985639210988,18.702628645082587,19.80824806624482,25.000611918343157
13.448239557818491,21.149168885312974,24.73228072627164,21.613544906112516,18.317921158609646,18.086471506334533
23.140226172602834,21.471321564167738,5.108608503434504,22.373199775334626,17.27224941397286,19.664715408343064
25.20445101019493,24.58299193996936,1.5000924667768447,17.67207280707412,16.762402228419766,13.018707736867672
18.639880114887013,25.722675025463104,10.418296590748026,21.428229782739997,84.54403173226774,13.275865669788448
23.218303866189302,23.967456580139697,13.623544091448522,16.305041504812564,38.523645640502956,26.790033698802365
29.9207557491469,22.90078128222376,8.496787072804747,19.78797969796533,9.745037475857444,14.779690480295404
21.08780801711151,19.574316293001175,10.179454951388225,16.60715942395561,19.62784709366398,10.549191515090465
22.984753788815997,21.65620648767799,8.63232560491399,19.176888658212384,13.332423290798125,13.335370153497324
20.4604788411537,11.128672291524708,3.8669170615236452,23.201671937131252,14.186368186929196,18.676106992504344
12.359345229400564,23.226433293893933,13.283092711579762,22.331694260861116,29.800181958841094,13.965411014836628
29.214470749029644,24.8195454897359,9.153024802309716,20.20048195937163,26.156734795873735,22.613256584681327
9.126383992017132,15.01864138059318,25.813322384978342,20.150650366480935,16.123583325643068,14.129225294372556
18.124168658707976,19.66104766819626,10.47805205243603,20.383329931196858,59.64396062420999,18.84234126824004
16.904889966124323,16.119170603342354,28.406226009335054,21.254230345350045,17.639555498767322,23.309962911157232
26.54357328648055,13.290052111260593,19.593180146783997,17.998039621474845,25.990747943582203,19.815490966638368
24.39667422240675,11.913007721304893,0.9553356424165267,24.315491487977127,11.20415271419616,30.039372840525576
21.804062126619588,18.428698969073594,2.7064545823756205,21.454444196795528,13.312219481397175,17.63045675251346
18.613618112954384,26.07482360675931,12.1440885258855,17.72089871936137,18.127169529341263,20.636689410439093
23.49205457334777,14.90670865867287,5.884170167820767,22.321339365294232,15.149156137223684,18.64120655161282
21.60846208018304,17.21264683175832,6.192154583409558,21.194920674284475,20.52970948099923,22.134736872042915
15.055160229881324,23.39289339724928,8.08917449909168,19.87148876952598,18.552656643253187,13.678504681048846
19.545077680009932,15.287352306768298,8.23961526412347,19.05238323241618,34.45270675512831,24.96995949199623
28.293264192070197,21.000706385821104,22.123824543158467,16.5845915084135,44.296407959063856,20.02371679670694
8.115025657572383,27.254861891269684,3.573421108882311,16.573093722676962,12.524358779249877,21.48394149391489
17.02062897812188,23.25322933960706,10.83488119323431,22.025976136274565,14.348510072087368,15.986476755565825
32.78095177567591,23.100167340599,16.38359449914522,20.484035299713824,24.465797642194495,20.523188882514425
17.394988293775985,11.988972229883075,4.702734712898076,20.372712658843238,16.099522518262,16.08375472962632
26.60588324537997,13.39185331016779,1.778218440869896,17.96099424559436,19.107034855918435,24.200036471694194
11.392044746936511,12.656568102538586,0.09599423416023975,18.789491469394996,19.758711819034897,22.925674009317913
20.227674951975093,14.083370673470199,12.886656735663822,22.124690034331792,20.69068018744641,22.302075314775546
20.75519853209629,25.809538238681853,12.957699421274558,19.912056366869557,26.340959883298652,19.680655567141233
23.161469434670828,14.115222482942045,4.265195823829125,19.663246175749045,14.452991469593059,26.968072059867318
25.60852685056566,18.919821451418102,42.404611554057034,18.043455046557167,13.971213478724655,19.764482138741286
21.793773027851486,19.572343667969108,18.540560507690955,17.768639379464062,13.382808409421358,26.754503690398
24.453025594594568,13.20861125830561,3.786494303146803,20.70452404311116,26.644230574918694,15.242543800530742
18.28580847370198,17.91874249931425,0.3843900331402245,22.582201714026674,49.17282301124476,19.952658104806492
18.64237939898528,22.020561825484037,12.396994439564422,19.999682068961302,17.318544682640848,16.22866089845277
12.409486486290206,22.579961377196014,21.985497547189496,17.73480095908966,14.63152547900444,11.71920618427498
24.60193393626799,14.579548123292625,4.806531100456512,19.233147293063908,36.31916160265799,23.294115920134132
14.075155216604273,25.0551449181512,22.30160779111161,18.67608402513509,19.56563139667056,17.69291403139254
18.589873724080263,18.08882432989776,5.715698892392698,18.860311877212908,13.617388493437456,19.2891944982599
19.73682686881206,27.489125872962177,13.716768106528175,19.812004496028518,9.615076882849227,25.406564548815656
15.298317933601282,22.369505539536476,14.504272287751007,18.944175226999178,26.506252687817693,18.40774731709549
18.371212406835774,10.927180824801326,4.7395092044110605,19.339899554396,14.92164480055203,26.338716009957817
21.14115087272609,15.355866849422455,7.109804020739102,21.231716809188246,17.42807416737173,21.568381023963465
18.30232007541831,11.391000994481146,7.4090962495195125,20.86657323201232,28.43244201699974,23.385135125876882
13.753168568099548,24.489632975310087,0.741597578953368,23.760810451118115,20.339372420292275,15.004609566296072
22.475487202411667,25.96897243987769,13.286247852668922,20.008260614212894,63.634624669326236,22.847995560711563
25.71370047632692,18.89655328821391,10.72538907430624,19.211084716918183,14.021696194030811,22.524350624534392
18.63092353808458,23.721589231863618,10.9872688586219,20.91863984509286,23.6919170368057,17.75454641130379
17.420105803664924,20.206050421111286,20.471505521919067,19.39250218781415,49.93201830763718,21.093057224152503
16.543901022261387,28.899210412055254,15.267829344949691,17.597661972935903,10.911645455104727,26.566534922190783
21.219139726580156,10.336184781044722,2.6434721454266707,19.08896958395115,13.814621155823309,9.00541387142164
23.044414533534358,10.07539055775851,6.423341389613173,21.172809173505303,8.682969680636212,22.435405791955738
23.173437739228383,29.09343667794019,4.684281076404732,17.688672394882694,14.507655582743823,23.960925208304666
20.58883444329357,19.92746589705348,23.897852951742443,19.825375027205965,29.117979537880696,16.568792908003257
18.462168012314905,23.819454535841942,8.90288006381909,19.195929744602598,26.67411697356164,24.997964436305413
10.899108745241367,21.72920066397637,2.4264607293853913,19.750278987473404,22.289977833020327,22.800844900459023
22.189086233289732,20.23208776023239,4.829054189325395,20.76865296116992,9.502755854806493,20.11334532955527
16.262133526301547,13.331088861450553,5.127461836828938,19.451193142116605,13.131951957501311,24.70040667247987
27.321596628072076,22.400219347327948,8.982623821573792,18.426979230028305,25.2283101170819,16.517143726306568
27.163469233223594,13.949265433475375,0.8000750569679669,18.26948751349974,11.782075631309535,20.229670907813535
19.873072137906604,27.636798047460616,8.527887016232867,19.68531856342373,12.59281354101554,15.290041486772408
25.257599502060422,22.579565071500838,28.60570349532398,18.855710754654808,14.916184920182982,14.717333963611722
20.700569329421445,18.446159474551678,10.954973792586348,21.918300516279864,21.115577320617238,20.535065708034157
25.845036434946984,14.569543078541756,30.081142394677034,21.252780544454485,28.08162442635883,25.6617065643663
20.12779016482728,28.094133683480322,3.342223426951497,22.74584185150136,12.541487086192664,27.258268947828277
18.76927311306281,18.497605873271823,6.091007214486512,23.798763516271833,17.117920444900324,19.827189000799372
21.55986970485033,21.276632300578058,6.570478400131946,21.14438862071613,10.414524644626963,24.8932688806508
22.439191997026544,11.403368464671075,15.76007485395959,17.991818995869643,19.40782589082679,19.604911981307446
23.68771789618976,10.050897113978863,1.7625750657971098,23.601299178317753,10.87932558268607,24.69286518704192
20.07134294869868,18.184172050096095,13.490986028319924,16.287315333361008,31.304891418891987,5.261306722075366
20.883349436619895,10.066424328833818,9.227392674680049,17.702889383251087,15.213026740984334,12.19581078472224
16.248073723188487,24.45179614238441,3.3282856964876983,22.803126918570914,35.664165331777994,18.05684785126266
15.426078617500476,26.97976544033736,6.352786472656162,20.93813429165278,22.69219707050245,17.30440094008593
19.933844547538385,26.53837034944445,10.986367874085266,20.625122164618194,9.149465482314685,26.76246915870273
20.746464302537277,22.674236753955483,24.67006952080983,16.87647593480311,11.786265478407651,19.84394804177248
24.66132710833756,27.87569569889456,0.2364891148688866,19.1699905998454,31.204434307155577,17.88153768653535
22.848286876473097,15.796020003035665,38.23419158763026,19.762527805861076,29.106701404598347,23.549730030319246
22.55102338169571,14.034111169166863,16.36737732077933,20.786628079538968,26.515786179196446,14.57089445646864
28.595849551078736,19.241837775334716,6.25126371665739,19.582430181206355,26.192015807239308,9.44415349069349
11.36657345577977,25.04376945551485,13.16891453768298,18.349995212047762,16.817949573408743,19.018624860893677
22.33484880267577,12.421142267994583,15.242996064827816,18.61570357949365,14.869177211244146,27.563007250677853
9.786709481983218,22.36384194344282,20.198963533248808,20.848595946286526,36.752955500439626,19.51616938039779
19.71307672762367,17.835620236583054,0.8996060116688394,21.01242728728918,17.967259561188676,24.462451025512575
20.995690934370483,15.60666342265904,23.675133082307088,21.335545270451703,11.331613323475006,16.489788814930844
11.267971003544837,17.842429988086224,7.847064136310349,17.687330737231328,13.383837540436062,14.114347836458737
22.645898529586642,20.989720919169486,11.434554383462668,20.00483183476609,11.737532831589684,18.175150251328017
15.112208585826345,21.30190223455429,0.2175459981099095,17.51579765105349,10.320589499533325,20.205487621565883
28.274637459321593,20.919501539319754,4.430130251716088,20.01496253059655,14.37413615054946,21.805908118867492
29.04027988799558,11.614178861491382,16.629774065593022,19.65044186133101,8.095518035760282,25.88077521546473
27.752475239129183,27.994073345325887,3.2530576238008884,20.0433326475057,16.77977734714841,25.112892491825264
23.369165623435425,10.009300312958658,2.7928818153589345,16.266085947317645,6.798751128564153,15.885494333368982
13.791242171729207,11.630896730348468,3.7989237659214643,17.24971922308017,13.614025549938363,22.277295375337374
19.692419515197447,12.667095614597201,16.775268283999637,21.366876925008235,16.08809438158995,16.371360363406975
17.78887779550869,14.467849703505635,4.897183269941469,19.82026280990188,10.880700971577646,15.56175906773571
17.858833136789716,23.638279754668474,8.785370571103265,17.499889782528633,6.958458800458384,30.906527769796337
12.490282591743725,25.49185178708285,1.0526313054955836,21.72771045287817,16.580316033937862,12.329377162272857
20.715826514623874,27.890679775737226,6.34859345188258,18.359390400141525,5.520262185690357,16.903188487904583
17.682216002349104,29.125109808519483,17.369424251797525,17.678880221771507,8.82840171284133,21.610380335713923
20.492790457097882,17.431488540023565,3.7946889517461124,20.41202387989896,8.310626578650162,18.222181374819726
15.862590768201034,10.635195290669799,9.396845788248328,20.93998025733832,43.62882633271079,23.955458505843435
17.817120681420917,19.580054502002895,1.2107940865498281,18.516833321226144,28.66095158972382,22.955452185785308
11.600882983447221,10.458749709650874,3.365243333225126,20.764717685662184,16.62503533274298,23.844078577189535
18.87316499642911,10.439575230702758,15.029378014745209,18.273076758787205,27.844736185856895,24.596071299037323
21.06642764614266,24.71037765033543,10.344869766116087,19.66377699310005,13.94639630569564,22.61760295494707
14.593188776882672,24.31984282564372,11.477825083502983,22.554220411583252,20.299686665190343,17.17223646235011
26.33564310495735,11.38427346944809,1.5900608431576437,20.148860200385492,13.929662627524426,13.561298802926341
24.213093772746163,24.52519821934402,36.20723047696827,20.137994222065945,11.926802962736781,22.177453232907254
22.326721725749792,15.950026726350188,11.795815415843265,19.04045693690566,18.307989721836005,14.291656059328472
12.212968601600398,21.281040334142745,5.292236536479144,21.185706491093853,9.591707259096461,22.853590098686162
11.896765163187379,19.36198133043945,3.758454963931902,21.053160411764406,25.727217372839416,16.36454881968111
21.535703731327988,12.80988805461675,2.8249745913895454,18.89136336398124,27.169030721141922,20.42449600327258
16.83520225822812,27.578455773182213,16.965195473954996,23.778065925397208,36.25766945430429,17.599500351283258
14.223670664768974,23.100709612481296,7.164912108163383,22.217778853849847,16.44092275909645,13.697013783088833
22.961111605083733,11.970668160356581,3.9874391804438853,20.169398351067365,19.23542000830561,19.35963199599078
25.328806858066883,18.036343306303024,2.521153191819279,19.317920999433774,18.31029677695429,16.12183999161287
23.622043481641406,16.745143411681056,24.003840695652837,21.512888869759497,23.79072190231988,21.72303341999915
16.2315580382981,17.682076864875853,5.430391896414686,20.004535596922942,37.26397508074672,24.329542305226
16.81954763013414,28.78469828981906,1.1120492301197218,21.596775495832397,13.509018363168877,20.665348087761714
25.301060523666717,22.676111226901412,10.714931907534721,18.308323710446274,10.70316306116871,20.04658983229057
20.95521189935764,29.105933350510895,2.612210583608927,16.163231479233026,20.529717202886133,18.92748974592414
23.818749672864527,12.441749991849065,13.47282528682732,22.39532346004791,13.191879731857195,10.730063283029498
20.259878548724654,15.826045251451433,0.09082999334309594,23.215816647747904,7.966954958109906,29.85267461635667
22.42375920054692,13.194345496594906,2.871586577794789,21.45594791273357,14.095349623559239,24.883979775790614
11.154788327084148,10.955709707923234,24.550339269350857,22.367618187009718,11.20029755903633,13.356977450713611
22.909676313250607,13.459180109202862,15.409034007672759,20.638453107043404,13.812670340414229,18.362684858724403
26.631269615232593,11.575863547623158,3.087006858242855,23.488443495310765,12.479134035167103,25.812029557597167
19.219787271147695,13.433457249775529,1.0833953940182837,16.58645297467756,31.353144364282468,9.353398393367915
16.335966061250733,27.733446401543915,13.572930201190594,20.8103134383145,31.90949255668262,25.264327026411607
18.927433280808774,19.01271488983184,6.177047668995571,19.45568759309228,6.892630006717487,19.22901855956429
22.16123592988947,13.679561130702496,1.2155485364652399,18.651544353074684,14.070727564309331,26.893484371919754
9.538586851362869,22.188968872651458,2.5129376294542767,23.047804329357245,9.033202342571279,17.13604646843778
25.374868607076078,24.32354752905667,1.4872420294098831,23.77480580123795,17.128678701550243,27.07278696139723
23.228885256341883,18.77945629414171,45.973173606319826,18.71444207896982,23.778170574767664,14.098173827466017
26.767757830315468,24.55581975635141,4.015941606954195,24.221394335120046,16.73671537533657,24.39199155466738
19.526675686386323,14.149378351867199,5.244221416664311,17.8319668680305,17.15742131854431,22.10124569395152
15.03072595457679,25.542991738766432,10.336204551836122,21.136647198149262,9.117172135092131,4.869291061669395
11.014844024547209,26.36476382613182,7.001381936353393,20.89672075306273,19.635979091745444,26.01689479752772
24.712823360601618,19.01059865951538,8.207526200420324,16.01245042977031,14.210552247998,15.680313459199601
18.438069982522233,15.197736513800919,49.23722454958393,20.75267228919459,6.133515821418,17.91738050035234
18.703809670309052,23.971256813965738,8.998340114259452,19.319352676521742,20.219511461919673,19.722139809888755
16.807170300197686,20.406311992555857,17.31503791955565,17.08379040921928,11.459581721473404,18.925937307903077
20.705679329404106,13.108369018882513,3.8233775950343025,16.755331003158375,19.42333249802667,21.29294908624779
23.033448323558943,28.079834603704512,3.010030574556189,20.561871231442158,25.571237002932524,19.893609527127467
21.676819751708873,21.53578863479197,0.07850053373234071,17.566206196313807,11.337960328470679,12.520005708205666
9.707373412336109,10.01329779624939,1.0215057376714471,22.459151978342895,18.029751858156796,15.135567365441045
17.877387820878358,27.652278025634587,2.6150145229650237,21.62915657580298,19.666581426073773,31.92249895536258
25.104870917627707,26.643619355745614,18.759139012823002,22.888410031876596,28.36550772970775,24.11666481361137
10.551954968614623,15.756116728298366,16.88372742605986,18.205072371421313,33.11829031053307,21.80578569920601
16.041145906579136,22.550749452784657,2.4011033933757426,20.84051019450315,28.587429801764916,21.193683402509045
21.725924596720972,21.124781598336995,11.477815097914672,23.864063068482515,13.551409951651124,23.13723522966981
24.030203066133762,26.451235711574554,21.504815375363293,21.13353106613267,27.636286429021048,25.101489288203826
19.516485483708408,23.904927489347756,10.895108259343617,20.21163920493728,10.14480239453024,19.837869948108835
